{"cameraMode":{"drawMode":0,"name":"Shaded","section":"Shading Mode"},"sceneLighting":true,"audioPlay":false,"sceneViewState":{"showFog":false,"showMaterialUpdate":false,"showSkybox":false,"showFlares":false,"showImageEffects":false,"showParticleSystems":false},"in2DMode":false,"pivot":{"x":2.5867462158203127,"y":6.399338245391846,"z":-0.1196291446685791},"rotation":{"x":0.30359235405921938,"y":-0.34079718589782717,"z":0.11731324344873429,"w":0.8820297718048096},"size":1.0217267274856568,"orthographic":false}